value_ms,cdf
29626.384000,0.142857
29746.559000,0.285714
29773.043000,0.428571
29793.466000,0.571429
29795.714000,0.714286
29798.722000,0.857143
29799.988120,1.000000
