value_ms,cdf
798.060000,0.333333
799.974120,0.666667
799.988011,1.000000
