value_ms,cdf
0.152600,0.166667
0.373000,0.333333
0.561000,0.500000
0.950000,0.666667
2.731000,0.833333
120.903000,1.000000
