value_ms,cdf
3005.102000,0.058824
3005.598000,0.117647
3007.860000,0.176471
3025.388000,0.235294
3042.924000,0.294118
3043.610000,0.352941
3044.313000,0.411765
3086.012095,0.470588
3634.322000,0.529412
3800.598000,0.588235
3863.470000,0.647059
3885.842000,0.705882
3908.276000,0.764706
3963.007000,0.823529
3980.460000,0.882353
3997.206000,0.941176
3998.349000,1.000000
