value_ms,cdf
28960.514000,0.250000
28984.456095,0.500000
28994.136000,0.750000
28999.958713,1.000000
