value_ms,cdf
3007.423252,0.058824
3009.608000,0.117647
3010.846000,0.176471
3010.970000,0.235294
3021.283000,0.294118
3406.691000,0.352941
3611.414000,0.411765
3708.298252,0.470588
3787.777000,0.529412
3794.716252,0.588235
3809.056000,0.647059
3837.242000,0.705882
3846.432000,0.764706
3857.076000,0.823529
3895.637000,0.882353
3925.880252,0.941176
3999.321252,1.000000
