value_ms,cdf
1.000000,0.049142
2.000000,0.166699
3.000000,0.341949
4.000000,0.442785
5.000000,0.601315
6.000000,0.685111
7.000000,0.764886
8.000000,0.825834
9.000000,0.863105
10.000000,0.890995
11.000000,0.919714
12.000000,0.938286
13.000000,0.949008
14.000000,0.963303
15.000000,0.972621
16.000000,0.975046
17.000000,0.977089
18.000000,0.985896
19.000000,0.995022
20.000000,0.995916
22.000000,0.995979
23.000000,0.997192
24.000000,0.998979
25.000000,1.000000
