value_ms,cdf
1.000000,0.984091
2.000000,0.987350
3.000000,0.991247
4.000000,0.992461
5.000000,0.995208
6.000000,0.996678
7.000000,0.997700
8.000000,0.998019
9.000000,0.998594
10.000000,0.998978
11.000000,0.999297
12.000000,0.999489
13.000000,0.999553
14.000000,0.999617
15.000000,0.999681
16.000000,0.999744
17.000000,0.999808
18.000000,0.999872
19.000000,0.999936
24.000000,1.000000
