value_ms,cdf
1.000000,0.980585
2.000000,0.984712
3.000000,0.988370
4.000000,0.989871
5.000000,0.992403
6.000000,0.993810
7.000000,0.994841
8.000000,0.995779
9.000000,0.996624
10.000000,0.997374
11.000000,0.997843
12.000000,0.998593
13.000000,0.998875
14.000000,0.998968
15.000000,0.999156
19.000000,0.999250
20.000000,0.999343
25.000000,0.999531
28.000000,0.999625
29.000000,0.999719
31.000000,0.999906
32.000000,1.000000
