value_ms,cdf
2143.417579,0.055556
2985.746158,0.111111
3128.790943,0.166667
3314.997474,0.222222
3328.938947,0.277778
3372.103105,0.333333
3474.451026,0.388889
3681.293890,0.444444
3942.519421,0.500000
4143.478737,0.555556
4194.862895,0.611111
4351.016053,0.666667
4450.966211,0.722222
4466.935526,0.777778
4498.660368,0.833333
4668.847684,0.888889
4851.874842,0.944444
4981.466000,1.000000
