value_ms,cdf
3009.211000,0.062500
28260.254000,0.125000
28327.431000,0.187500
28467.220000,0.250000
28474.188000,0.312500
28683.136000,0.375000
28884.346000,0.437500
28898.944000,0.500000
28907.552000,0.562500
28923.436000,0.625000
28929.290000,0.687500
28939.664000,0.750000
28944.376000,0.812500
28974.580000,0.875000
28993.443000,0.937500
28995.371000,1.000000
