value_ms,cdf
29220.977000,0.125000
29706.008000,0.250000
29771.901000,0.375000
29783.507000,0.500000
29790.558000,0.625000
29795.634000,0.750000
29799.077000,0.875000
29799.982038,1.000000
