value_ms,cdf
1.000000,0.051443
2.000000,0.158179
3.000000,0.310381
4.000000,0.439303
5.000000,0.603805
6.000000,0.711231
7.000000,0.790321
8.000000,0.847511
9.000000,0.892631
10.000000,0.916255
11.000000,0.938959
12.000000,0.958214
13.000000,0.974192
14.000000,0.983159
15.000000,0.988792
16.000000,0.990056
17.000000,0.991666
18.000000,0.991781
20.000000,0.992470
21.000000,0.994137
22.000000,0.997299
23.000000,0.999310
29.000000,1.000000
