value_ms,cdf
3856.622095,0.250000
3975.527000,0.500000
3990.661095,0.750000
3999.960801,1.000000
