value_ms,cdf
29775.342000,0.125000
29783.025000,0.250000
29785.028000,0.375000
29788.046000,0.500000
29793.527000,0.625000
29793.986000,0.750000
29797.084000,0.875000
29799.972328,1.000000
