value_ms,cdf
29776.320579,0.125000
29779.513000,0.250000
29782.596579,0.375000
29785.236000,0.500000
29790.212579,0.625000
29797.353579,0.750000
29799.218000,0.875000
29799.956579,1.000000
