value_ms,cdf
1790.557000,0.250000
1793.382000,0.500000
1799.648000,0.750000
1799.970533,1.000000
