value_ms,cdf
1796.524000,0.333333
1799.981527,0.666667
1799.988246,1.000000
