value_ms,cdf
792.492000,0.333333
799.770737,0.666667
799.984043,1.000000
