value_ms,cdf
791.318000,0.333333
794.356000,0.666667
799.087918,1.000000
