value_ms,cdf
1753.127000,0.250000
1789.692000,0.500000
1799.097000,0.750000
1799.971705,1.000000
