value_ms,cdf
1.000000,0.992219
2.000000,0.993485
3.000000,0.997052
4.000000,0.997671
5.000000,0.999260
6.000000,0.999354
7.000000,0.999771
8.000000,0.999879
9.000000,0.999919
10.000000,0.999960
11.000000,0.999973
12.000000,0.999987
13.000000,1.000000
