value_ms,cdf
1292.547000,0.333333
1297.991000,0.666667
1299.972787,1.000000
