value_ms,cdf
1792.809000,0.250000
1796.615000,0.500000
1799.063000,0.750000
1799.812000,1.000000
