metric,pedca,dist
throughput_mbps,94.292196,94.292196
delay_p95_ms,23.000000,23.000000
jitter_p95_ms,1.000000,1.000000
rts_failed_rate,0.003454,0.003454
queue_delay_p95_ms,6.409000,6.409000
