value_ms,cdf
0.560000,0.166667
0.656000,0.333333
0.656000,0.500000
1.246000,0.666667
120.530000,0.833333
495.844000,1.000000
