value_ms,cdf
1783.513000,0.250000
1795.502000,0.500000
1798.284000,0.750000
1799.978093,1.000000
