value_ms,cdf
1.000000,0.983927
2.000000,0.987167
3.000000,0.990282
4.000000,0.992026
5.000000,0.993895
6.000000,0.994829
7.000000,0.996138
8.000000,0.996761
9.000000,0.997633
10.000000,0.998006
11.000000,0.998318
12.000000,0.998941
13.000000,0.999315
14.000000,0.999502
15.000000,0.999689
16.000000,0.999751
17.000000,0.999813
19.000000,0.999875
20.000000,0.999938
29.000000,1.000000
