value_ms,cdf
3017.349095,0.062500
3303.205000,0.125000
3462.117095,0.187500
3602.980000,0.250000
3768.062095,0.312500
3815.983095,0.375000
3839.102095,0.437500
3858.413000,0.500000
3872.217000,0.562500
3886.065095,0.625000
3946.656000,0.687500
3973.866095,0.750000
3974.320000,0.812500
3985.091095,0.875000
3995.130000,0.937500
3995.536095,1.000000
