value_ms,cdf
1299.969347,1.000000
