value_ms,cdf
1291.317000,0.250000
1294.111000,0.500000
1297.184000,0.750000
1299.921000,1.000000
