value_ms,cdf
1.000000,0.221655
2.000000,0.803770
3.000000,0.993853
4.000000,0.998887
5.000000,0.999983
8.000000,1.000000
