value_ms,cdf
1.000000,0.990326
2.000000,0.996593
3.000000,0.999897
4.000000,0.999966
5.000000,0.999983
8.000000,1.000000
