value_ms,cdf
2754.940467,0.111111
3206.087601,0.222222
3647.835046,0.333333
3881.177268,0.444444
4110.094490,0.555556
4330.056712,0.666667
4378.261556,0.777778
4777.326778,0.888889
4986.028379,1.000000
