value_ms,cdf
2122.062111,0.055556
2919.036163,0.111111
3159.884848,0.166667
3249.013637,0.222222
3315.695637,0.277778
3506.085952,0.333333
3509.675110,0.388889
3608.173426,0.444444
3947.331953,0.500000
4090.654427,0.555556
4147.198269,0.611111
4297.244585,0.666667
4442.807900,0.722222
4465.646374,0.777778
4640.150689,0.833333
4729.193741,0.888889
4770.758216,0.944444
4882.448163,1.000000
