value_ms,cdf
29744.114000,0.125000
29754.640000,0.250000
29780.476000,0.375000
29790.781000,0.500000
29792.729000,0.625000
29795.671000,0.750000
29797.979000,0.875000
29799.979217,1.000000
