value_ms,cdf
3010.087000,0.055556
3010.915000,0.111111
3084.480095,0.166667
3501.927000,0.222222
3592.281000,0.277778
3682.517000,0.333333
3776.028000,0.388889
3860.177000,0.444444
3875.664000,0.500000
3893.008000,0.555556
3908.643000,0.611111
3914.186000,0.666667
3961.158000,0.722222
3970.117000,0.777778
3972.282000,0.833333
3976.086000,0.888889
3985.313000,0.944444
3999.266000,1.000000
