value_ms,cdf
99775.403000,0.125000
99778.214000,0.250000
99781.220000,0.375000
99790.756000,0.500000
99795.330000,0.625000
99795.502000,0.750000
99798.399000,0.875000
99799.408057,1.000000
