value_ms,cdf
99777.259000,0.125000
99779.362000,0.250000
99790.923000,0.375000
99793.299000,0.500000
99793.806000,0.625000
99794.738000,0.750000
99797.639000,0.875000
99799.994243,1.000000
