value_ms,cdf
1.000000,0.982252
2.000000,0.985410
3.000000,0.989073
4.000000,0.991095
5.000000,0.992863
6.000000,0.994631
7.000000,0.995516
8.000000,0.996337
9.000000,0.996905
10.000000,0.997663
11.000000,0.997916
12.000000,0.998232
13.000000,0.998610
14.000000,0.999053
15.000000,0.999116
16.000000,0.999305
17.000000,0.999495
18.000000,0.999684
19.000000,0.999811
20.000000,0.999937
31.000000,1.000000
