value_ms,cdf
1.000000,0.037792
2.000000,0.114259
3.000000,0.274385
4.000000,0.392050
5.000000,0.540820
6.000000,0.616151
7.000000,0.674890
8.000000,0.733754
9.000000,0.787886
10.000000,0.819874
11.000000,0.853817
12.000000,0.876467
13.000000,0.896151
14.000000,0.918423
15.000000,0.946751
16.000000,0.956404
17.000000,0.964984
18.000000,0.970536
19.000000,0.981136
20.000000,0.987950
21.000000,0.990410
22.000000,0.994953
23.000000,0.998738
24.000000,0.999874
27.000000,0.999937
33.000000,1.000000
