value_ms,cdf
1.000000,0.036959
2.000000,0.124032
3.000000,0.303242
4.000000,0.408998
5.000000,0.576625
6.000000,0.683546
7.000000,0.790874
8.000000,0.851638
9.000000,0.884873
10.000000,0.911356
11.000000,0.933298
12.000000,0.956813
13.000000,0.973226
14.000000,0.984751
15.000000,0.991386
16.000000,0.993016
17.000000,0.994936
18.000000,0.995402
20.000000,0.997846
21.000000,0.997905
37.000000,0.998196
39.000000,1.000000
