value_ms,cdf
3005.391400,0.062500
3006.915000,0.125000
3008.533400,0.187500
3785.226400,0.250000
3827.748284,0.312500
3879.868284,0.375000
3884.093284,0.437500
3893.914284,0.500000
3904.892400,0.562500
3906.857284,0.625000
3916.769284,0.687500
3960.856400,0.750000
3975.789284,0.812500
3978.278284,0.875000
3990.888284,0.937500
3999.959464,1.000000
