value_ms,cdf
1792.027000,0.333333
1797.083000,0.666667
1799.991619,1.000000
