value_ms,cdf
1.000000,0.981368
2.000000,0.986848
3.000000,0.990940
4.000000,0.993205
5.000000,0.995543
6.000000,0.996785
7.000000,0.997589
8.000000,0.998100
9.000000,0.998319
10.000000,0.998977
11.000000,0.999050
12.000000,0.999489
13.000000,0.999562
15.000000,0.999635
16.000000,0.999708
18.000000,0.999781
19.000000,1.000000
