value_ms,cdf
1.000000,0.044008
2.000000,0.123778
3.000000,0.305941
4.000000,0.413662
5.000000,0.532550
6.000000,0.623121
7.000000,0.708072
8.000000,0.776018
9.000000,0.827106
10.000000,0.868778
11.000000,0.894030
12.000000,0.916071
13.000000,0.934827
14.000000,0.962779
15.000000,0.975113
16.000000,0.976938
17.000000,0.978762
18.000000,0.979200
19.000000,0.984017
20.000000,0.989783
21.000000,0.992848
22.000000,0.995183
23.000000,0.997446
25.000000,0.999708
27.000000,1.000000
