value_ms,cdf
1.000000,0.982652
2.000000,0.987489
3.000000,0.991165
4.000000,0.992970
5.000000,0.994776
6.000000,0.995550
7.000000,0.996260
8.000000,0.996904
9.000000,0.997549
10.000000,0.998130
11.000000,0.998581
12.000000,0.998775
13.000000,0.999097
14.000000,0.999291
15.000000,0.999613
17.000000,0.999678
18.000000,0.999742
20.000000,0.999807
21.000000,0.999871
23.000000,0.999936
29.000000,1.000000
