value_ms,cdf
0.501000,0.500000
120.459000,1.000000
