value_ms,cdf
0.647600,0.333333
120.001000,0.666667
120.001000,1.000000
