value_ms,cdf
1.000000,0.988157
2.000000,0.989882
3.000000,0.993331
4.000000,0.994423
5.000000,0.996436
6.000000,0.997240
7.000000,0.998045
8.000000,0.998620
9.000000,0.998965
10.000000,0.999253
11.000000,0.999540
14.000000,0.999713
15.000000,0.999770
18.000000,0.999828
19.000000,0.999885
20.000000,1.000000
