value_ms,cdf
2922.648205,0.100000
2982.267649,0.200000
3213.414849,0.300000
3612.584667,0.400000
3874.324094,0.500000
4032.708111,0.600000
4303.820538,0.700000
4380.550183,0.800000
4761.178778,0.900000
4958.866000,1.000000
