value_ms,cdf
99779.210000,0.125000
99781.158000,0.250000
99792.070000,0.375000
99793.312000,0.500000
99794.021000,0.625000
99795.963000,0.750000
99798.351000,0.875000
99799.974117,1.000000
