value_ms,cdf
93003.623000,0.125000
99743.111000,0.250000
99775.569000,0.375000
99780.868000,0.500000
99794.694000,0.625000
99796.686000,0.750000
99799.753000,0.875000
99799.987493,1.000000
