value_ms,cdf
0.034000,0.142857
0.391000,0.285714
0.464000,0.428571
0.561000,0.571429
1.077600,0.714286
2.012000,0.857143
120.903000,1.000000
