value_ms,cdf
3007.793000,0.055556
3022.849000,0.111111
3022.973000,0.166667
3035.271000,0.222222
3084.263000,0.277778
3104.477000,0.333333
3157.224000,0.388889
3483.248000,0.444444
3545.199000,0.500000
3882.163000,0.555556
3926.433000,0.611111
3952.380000,0.666667
3975.127000,0.722222
3976.273000,0.777778
3986.568000,0.833333
3990.566000,0.888889
3995.144000,0.944444
3996.369000,1.000000
