value_ms,cdf
29776.160579,0.125000
29779.432000,0.250000
29787.876000,0.375000
29789.843000,0.500000
29792.249579,0.625000
29795.434579,0.750000
29799.547579,0.875000
29799.995497,1.000000
