value_ms,cdf
29775.157000,0.125000
29784.487579,0.250000
29785.036579,0.375000
29787.610579,0.500000
29790.506000,0.625000
29793.487000,0.750000
29796.698579,0.875000
29799.560000,1.000000
