value_ms,cdf
3011.683000,0.062500
3013.077352,0.125000
3024.046000,0.187500
3028.654000,0.250000
3037.126352,0.312500
3051.937000,0.375000
3787.748220,0.437500
3889.310000,0.500000
3949.073000,0.562500
3960.838000,0.625000
3962.926095,0.687500
3972.859000,0.750000
3980.633095,0.812500
3981.709000,0.875000
3985.019095,0.937500
3999.951485,1.000000
