value_ms,cdf
2690.439773,0.100000
2989.290679,0.200000
3222.177528,0.300000
3578.919996,0.400000
3888.823218,0.500000
4100.646440,0.600000
4315.022662,0.700000
4358.678235,0.800000
4771.186457,0.900000
4947.806329,1.000000
